Huntlee,Goldsworthy,hgoldsworthy0@geocities.jp,24080275
Kort,Hurren,khurren1@china.com.cn,4965673
Joly,Robarts,jrobarts2@goodreads.com,11474165
Lona,Fozard,lfozard3@yahoo.com,26826083
Judon,Machon,jmachon4@squidoo.com,23886520
Lois,Ferreli,lferreli5@dyndns.org,13466459
Andris,Revill,arevill6@theatlantic.com,3228968
Sileas,Graysmark,sgraysmark7@webeden.co.uk,32718025
Michal,Chance,mchance8@cnbc.com,18311755
Berri,Philipsen,bphilipsen9@wiley.com,2154787
Jaine,Cowie,jcowiea@gravatar.com,6833850
Zonnya,Orvis,zorvisb@hc360.com,23030685
Helene,Madgett,hmadgettc@washingtonpost.com,6764690
Felicia,McKimmey,fmckimmeyd@skyrock.com,28661995
Britt,Crosher,bcroshere@webs.com,15971158
Odele,Senechell,osenechellf@shutterfly.com,1404877
Robinetta,Grosvener,rgrosvenerg@comsenz.com,16575910
Margalo,Crame,mcrameh@bloglines.com,25207845
Jerome,Cowherd,jcowherdi@java.com,39666926
Yancy,Pedrick,ypedrickj@blogspot.com,37482526
Abdul,Yglesia,ayglesiak@forbes.com,35091207
Phillie,Pierrepont,ppierrepontl@mlb.com,14081136
Davidde,Capey,dcapeym@sciencedaily.com,22640647
Mireille,Skypp,mskyppn@alibaba.com,10851107
Lemar,Ianne,lianneo@webnode.com,1118468
Tobit,McPaike,tmcpaikep@earthlink.net,38386653
Roanna,Sudron,rsudronq@sohu.com,37274087
Winny,McLaughlin,wmclaughlinr@mail.ru,20195407
Ellswerth,Lyle,elyles@princeton.edu,36985505
Jaime,Pues,jpuest@boston.com,22353228
Inna,Pretor,ipretoru@1688.com,29180568
Helsa,De Bruin,hdebruinv@imdb.com,16988073
Kirsti,Binnion,kbinnionw@linkedin.com,494705
Elwyn,Antrum,eantrumx@shutterfly.com,39575745
Peadar,Farny,pfarnyy@drupal.org,11157612
Lion,Rosendorf,lrosendorfz@soup.io,19178635
Becka,Andriesse,bandriesse10@hostgator.com,26069089
Brockie,McPherson,bmcpherson11@redcross.org,3620633
Zorine,Folds,zfolds12@europa.eu,35153585
Shelly,Goreway,sgoreway13@nydailynews.com,5019342
Michal,Coombes,mcoombes14@stanford.edu,28188964
Sal,Durno,sdurno15@blogtalkradio.com,19983854
Sib,Metzig,smetzig16@dmoz.org,22672707
Grethel,Halbert,ghalbert17@bluehost.com,37325861
Chrystal,Mapples,cmapples18@usa.gov,25870296
Joby,Lummus,jlummus19@qq.com,12787681
Lian,Alderson,lalderson1a@wordpress.com,12422759
Claudia,Bofield,cbofield1b@si.edu,11824500
Emery,Lax,elax1c@bing.com,25890893
Tracie,Corstorphine,tcorstorphine1d@harvard.edu,27148220
Riannon,Elderbrant,relderbrant1e@privacy.gov.au,19592797
Roxana,Donnellan,rdonnellan1f@toplist.cz,28551993
Lodovico,Windley,lwindley1g@quantcast.com,23772207
Cyrille,Lagde,clagde1h@bandcamp.com,29012465
Melitta,Battison,mbattison1i@hubpages.com,35589006
Valli,Lamborn,vlamborn1j@home.pl,26967167
Chaddie,Kuhndel,ckuhndel1k@ovh.net,21353743
Elysia,Adamski,eadamski1l@altervista.org,17502579
Napoleon,Gwioneth,ngwioneth1m@shareasale.com,25335440
Elene,Houlaghan,ehoulaghan1n@msu.edu,14163610
Alameda,Hamberstone,ahamberstone1o@yolasite.com,463306
Coretta,Cosby,ccosby1p@dailymotion.com,36836499
Alvinia,Kegan,akegan1q@imgur.com,27971407
Elly,Beszant,ebeszant1r@geocities.com,30848394
Marius,Bettles,mbettles1s@sphinn.com,10505499
Sashenka,Iannello,siannello1t@umich.edu,38452093
Fidelia,Kilshaw,fkilshaw1u@icq.com,1368427
Pammi,Copin,pcopin1v@japanpost.jp,23892458
Curtis,Mulholland,cmulholland1w@lycos.com,8044004
Chloe,Kopelman,ckopelman1x@is.gd,37393662
Kitty,Wherry,kwherry1y@blogtalkradio.com,16969861
Mortimer,Ruddiforth,mruddiforth1z@arstechnica.com,31881787
Doreen,Fogt,dfogt20@vk.com,20237955
Bobbye,Puffett,bpuffett21@facebook.com,35832589
Jermaine,Rubenov,jrubenov22@si.edu,2527290
Ellwood,Paddemore,epaddemore23@ibm.com,29432605
Tressa,Bigadike,tbigadike24@topsy.com,14055442
Bertine,Snelson,bsnelson25@booking.com,31707915
Jackie,Bolden,jbolden26@goo.ne.jp,27766991
Correy,London,clondon27@scribd.com,21966915
Rickie,Gringley,rgringley28@photobucket.com,39443612
Niels,Varnals,nvarnals29@mail.ru,3091077
Roseline,Toupe,rtoupe2a@independent.co.uk,34080554
Harley,Jewers,hjewers2b@biglobe.ne.jp,26870118
Kali,Errett,kerrett2c@last.fm,15101580
Roch,Cartmel,rcartmel2d@arstechnica.com,23902931
Glenn,Rawlingson,grawlingson2e@tinyurl.com,27404152
Clarisse,Fillery,cfillery2f@newyorker.com,13871880
Martelle,Lockwood,mlockwood2g@webmd.com,20638605
Ugo,Hoggan,uhoggan2h@angelfire.com,7009634
Vassili,Greader,vgreader2i@moonfruit.com,36176171
Morganica,Scranny,mscranny2j@github.com,37724113
Arnaldo,Durden,adurden2k@whitehouse.gov,34749724
Donal,Althrop,dalthrop2l@google.com.hk,29853113
Del,Habbon,dhabbon2m@privacy.gov.au,16694592
Kellen,Godsal,kgodsal2n@tripod.com,30551142
Petr,Rigmand,prigmand2o@studiopress.com,19755182
Sheffield,Fomichyov,sfomichyov2p@home.pl,6784145
Gayel,De Lorenzo,gdelorenzo2q@goo.gl,38240132
Elmer,Clausius,eclausius2r@salon.com,23168832
Angelo ,Maiale,angelomaiale@gmail.com,31544978
